composer,date_of_birth,birth_town,birth_country,date_of_death,death_town,death_country,nationality
Karl Friedrich Abel,1723,Cöthen,Germany,1787,London,England,Germany
Lodovico Agostini,1534,Ferrara,Italy,1590,Ferrara,,Italy
Giovanni Giacopo  Albuzio,,Kleve,Germany,1536,,,Italy
Richard Allison,1565,,England,1610,,England,England
Serafino Aquilano,,,,,,,
Thomas Arne,1710,London,England,1778,London,England,England
Robert Askue,,,,,,,England
John Attey,1590,,England,1640,Ross,,England
Filippo Azzaiolo,1530,Bologna,,1569,Bologna,,Italy
Daniel Bacheler,1572,Aston Clinton,England,1619,Kent,England,England
Valentin Bakfark,1528,Brasov,,1576,Padua,Italy,Hungary
Robert Ballard,1575,Paris,France,1650,Paris,,France
Giulio Cesare Barbetta,1540,Padua,Italy,1603,,,Italy
Ernst Gottlieb Baron,1696,Breslau,Germany,1760,Berlin,,Germany
John Bartlet,1605,,England,1610,,,England
William Basse,,,,,,,
Mr. Beck,,,,,,,
Jacquet de Berchem,1505,Berchem,Belgium,1565,Monopoli,Italy,Belgium
Gilles Binchois,1400,Mons,Belgium,1460,Soignies,Belgium,Belgium
John Blow,1649,Newark-on-Trent,England,1708,London,England,England
Charles Bocquet,,,,1570,,,France
Antoine Boësset,1586,Blois,France,1643,Paris,France,France
Ann Boleyn,1501,Kent,England,1536,London,England,England
Pietro Paulo Borrono,1490,Milano,Italy,1563,Milano,Italy,Italy
Pierre Phalèse,,,,,,,
Johann Georg Braun,1630,Ubthal,Czech Republic,1675,Cheb,Czech Republic,Czech Republic
Brewster,,,,,,,England
Baruch Bulman,,,England,1600,,,England
Antoine Busnois,1430,Busnes,France,1492,Brugge,Belgium,France
Dietrich Buxtehude,1637,Oldesloe,Denmark,1707,Lübeck,Germany,Denmark
William Byrd,1543,London,England,1623,Stondon Massey,England,England
Francis Cutting,1583,London,England,1623,London,,England
Antonio de Cabezón,1510,Castrillo de Matajudios,Spain,1566,Madrid,Spain,Spain
Giulio Caccini,1545,Tivoli,Italy,1618,Firenze,Italy,Italy
Antonio Caldara,1670,Venezia,Italy,1736,Wien,Austria,Italy
Franciscus Bossinensis,,,,,,,Italy
Marchetto Cara,1470,Verona,Italy,1525,Mantova,Italy,Italy
Firmin Caron,,,,,,,
Fabritio Caroso,1527,Sermoneta,Italy,1605,,,Italy
Marco Caroso,,,,,,,
Dario Castello,1590,Venice,Italy,1630,,Italy,Italy
Francesco Cavalli,1602,Crema,Italy,1676,Venezia,Italy,Italy
Michael Cavendish,1565,,England,1628,London,,England
Jehan Chardavoine,1537,Beaufort-en-Anjou,France,1580,Paris,France,France
Johannes Ciconia,1335,Liège,Belgium,1411,Padova,Italy,Belgium
Cipriano de Rore,1515,Ronse,Belgium,1565,Parma,Italy,Belgium
S. Coleman,,,,,,,
John Coprario,1575,,England,1626,London,England,England
Arcangelo Corelli,1653,Fusignano,Italy,1713,Roma,Italy,Italy
William Cornysh,1465,Greenwich,England,1523,Kent,England,England
Guillaume Costeley,1530,Fontanges,,1606,Evreux,,France
François Couperin,1759,,,1826,,,France
Chiara Margarita Cozzolani,1602,Milano,Italy,1678,Milano,Italy,Italy
Thomas Crécquillon,1490,,,1557,,Belgium,Belgium
Giovanni Battista Dalla Gostena,1540,Genoa,Italy,1598,Genoa,,Italy
Johann Friedrich Daube,1730,Marburg,Germany,1797,Wien,Austria,Germany
Constantin Christian Dedekind,,,,,,,
Luc Despond,,,,,,,
Francisco de la Torre,1460,Seville,Spain,1504,,Spain,Spain
Charles de l'Espine,,,,,,,France
Giaches de Wert,1535,Antwerpen,Belgium,1596,Mantua,Italy,Belgium
John Dowland,1563,London,England,1626,London,England,England
Guillaume Dufay,1397,Bersele,Belgium,1474,Cambrai,Belgium,Belgium
John Dunstable,1390,Dunstable,England,1453,London,England,England
Narciso Duran,,,,,,,
Sigismondo d'India,1582,Palermo,Italy,1629,Modena,Italy,Italy
John Eccles,1668,London,England,1735,London,England,England
Pat O'Brian,,,,,,,
Paul O'Dette,,,,,,,
Christopher Simpson,1605,Egton,England,1669,London,England,England
Alfonso Ferrabosco I,1543,Bologna,Italy,1588,Bologna,,Italy
Alfonso Ferrabosco II,1575,Greenwich,England,1628,Greenwich,,England
Sebastian Festa,,,,,,,
Perino Fiorentino,1523,Firenze,Italy,1552,Roma,Italy,Italy
Thomas Ford,1580,,England,1648,London,England,England
Antoine Forqueray,1671,Paris,France,1745,Mantes,France,France
Girolamo Frescobaldi,1583,Ferrara,Italy,1643,Roma,Italy,Italy
Johann Jakob Froberger,1616,Stuttgart,Germany,1667,Héricourt,France,Germany
Jacques de Gallot,1620,,France,1690,Paris,,France
Santino Garsi,1542,Parma,Italy,1604,Parma,,Italy
Hans Gerle,1500,Nuremberg,Germany,1570,Nuremberg,,Germany
Claude Gervaise,1525,Paris,France,1560,Paris,France,France
Carlo Gesualdo,1566,Venosa,Italy,1613,Gesualdo,Italy,Italy
Hayne von Ghizeghem,1445,,,1495,,,Belgium
Orlando Gibbons,1583,Oxford,England,1625,"Canterbury, UK",England,England
Heinrich Gleitsmann,,,,,,,
Christoph Willibald Gluck,1714,Erasbach,Germany,1787,Wien,Austria,Germany
Giacomo Gorzanis,1520,,,1579,Trieste,,Italy
Johann Grabbe,1585,Lemgo,Germany,1655,Buckeburg,Germany,Germany
Thomas Greaves,,,,,,,England
Pierre Guédron,1565,Chateaudun,France,1620,Paris,France,France
Johann Gumprecht,1610,Bad Windsheim,Germany,1697,Strasbourg,France,France
Robert Hales,1583,,England,1616,,,England
Georg Friederich Händel,1685,Halle,Germany,1759,London,England,Germany
Henry Lawes,1595,Dinton,England,1662,London,England,England
Anthony Holborne,1550,,England,1602,London,England,England
Tobias Hume,1569,London,England,1645,London,,England
Gregorius Howet,,,,,,,Belgium
Jacob Meiland,1542,Senftenberg,Germany,1577,Hechingen,Germany,Germany
Jacobus,1455,Antwerpen,Belgium,1491,Antwerpen,,France
Clement Janequin,1485,Châtellerault,France,1558,Paris,France,France
Anonymous,,,,,,,
Robert Jones,1485,,England,1536,,,England
Josquin des Prez,1450,"Condé, Indre",France,1521,Condé-sur-l’Escaut,France,France
Sixt Kargel,1540,,,1594,,,Germany
David Kellner,1670,Leipzig,Germany,1748,Stockholm,Sweden,Germany
Robert Kindersley,,,,1634,,,England
Nicholas Lanier,1588,London,England,1666,Greenwich,England,England
Orlando di Lasso,1532,Mons,Belgium,1594,München,Germany,Belgium
Nicolas Lebègue,,,,,,,
Giovanni Legrenzi,1626,Clusone,Italy,1690,Venezia,Italy,Italy
Claude Le Jeune,1528,Valenciennes,France,1600,Paris,France,France
Giovanni Leoni,1588,Padua,Italy,1652,Rome,,Italy
Carlo Ambrogio Lonati,,,,,,,
Jan Antonín Losy,1650,zámek Štěkeň,Czech Republic,1721,Praha,Czech Republic,
Luigi Rossi,1598,Torremaggiore,Italy,1653,Roma,Italy,Italy
Jean-Baptiste Lully,1665,Florence,Italy,1743,Paris,France,France
Michel Lambert,1610,Champigny sur Veude,France,1696,Paris,France,France
Girolamo Conversi,,,,,,,Italy
Joanambrosio Dalza,,,,,,,
Gary Digman,,,,,,,
Emanuel Adriaenssen,1554,Antwerpen,Belgium,1604,Antwerpen,Belgium,Belgium
Nicolas Gombert,1490,Brugge,Belgium,1556,Doornik,Belgium,Belgium
John Johnson,1540,,England,1594,,,England
William Lawes,1602,"Salisbury, UK",England,1645,Chester,England,England
John Marchant,1588,,England,1611,,,England
Francesco da Milano,1523,Monza,Italy,1552,Milan,,Italy
Simone Molinaro,1565,Genoa,Italy,1615,Genoa,,Italy
Claudio Monteverdi,1567,Cremona,Italy,1643,Venezia,Italy,Italy
Cristóbal de Morales,1500,Sevilla,Spain,1553,Marchena,Spain,Spain
Jacob Obrecht,1458,Gent,Belgium,1505,Ferrara,Italy,Belgium
Alessandro Piccinini,1566,Bologna,Italy,1639,Bologna,,Italy
Francis Pilkington,1562,,,1638,Chester,,England
George Botsford,1874,,,1949,,,
Henry Purcell,1659,Westminster,England,1695,London,England,England
Thomas Robinson,1589,,England,1609,,,England
Francesco Spinacino,1475,Fossombrone,Italy,1507,Venezia,Italy,Italy
Alessandro Striggio,1536,Mantua,Italy,1592,Mantua,Italy,Italy
Jan Pieterszoon Sweelinck,1561,Deventer,Netherlands,1621,Amsterdam,Netherlands,Netherlands
Giovanni Terzi,1580,Bergamo,Italy,1600,,,Italy
Nicolas Vallet,1583,Corbeny,France,1644,Amsterdam,Netherlands,France
Vincenzo Galilei,1520,Santa Maria a Monte,Italy,1591,Florence,,Italy
Thomas Mace,1612,,,1706,,,England
Guillaume de Machaut,1300,Reims,France,1377,Reims,,France
Pierre de Manchicourt,1510,Bethune,,1564,Madrid,Spain,Spain
Marin Marais,1656,Paris,France,1728,Paris,,France
Jacques Mauduit,1557,Paris,France,1627,Paris,,France
Domenico Mazzocchi,1592,Civita Castellana,Italy,1665,Rome,,Italy
David Melvill,1604,,Scotland,1643,,,Scotland
Mercure d'Orléans,,,,,,,France
Elias Mertel,1561,,,1626,,,Germany
René Mesangeau,,,,,,,
Gottfried Meusel,,,,,,,
Charles Edinthon,,,,,,,
Enríquez de Valderrábano,,,,,,,
Albert de Rippe,1500,Mantua,Italy,1551,Paris,France,Italy
Antonio di Becchi,1522,Parma,Italy,1566,,,Italy
Giovanni Maria da Crema,1540,Crema,Italy,1550,,,Italy
Julio Segni,1498,Modena,Italy,1561,Rome,,Italy
Wolff Heckel,,,,,,,Germany
Joanne Matelart,1538,,,1607,Rome,Italy,Italy
Paulo Galvão,,,,,,,
Sigmar Salzburg,,,,,,,
Laudon Schuett,,,,,,,
Michel de Montéclair,,,,,,,
Guillaume Morlaye,1515,,,1560,,,France
Thomas Morley,1557,Norwich,England,1602,London,England,England
Robert Morton,1430,,,1479,,England,England
Etienne Moulini,1599,,,1676,,,France
Christian G. Scheidler,1752,,Germany,1815,Frankfurt,,Germany
Diego Ortiz,1510,Toledo,Spain,1570,Napoli,Italy,Spain
Francisco Paez,,,,,,,Spain
Pierre Passereau,1490,Paris,France,1547,,,France
Mogens Pedersøn,1585,,,1623,,,Denmark
Jacopo Peri,1561,Roma,Italy,1633,Firenze,Italy,Italy
Peter Philips,1561,London,England,1628,Brussel,Belgium,England
Marcantonio del Pifaro,,,,,,,
Diego Pisador,1510,Salamanca,Spain,1557,Salamanca,Spain,Spain
Bob Telson,,,,,,,
John Lennon and Paul McCartney,1940,Liverpool,England,1980,United States,,England
John Lennon,1950,,England,1980,New York,,England
Scott Joplin,1868,,,1917,,,
Willie Nelson,,,,,,,
Paul McCartney,1942,Liverpool,England,,,,England
Harold Arlen,1905,Buffalo,,1986,New York,,
Walter Gross and Jack Lawrence,,,,,,,
Lionel Bart,1930,London,England,1999,London,England,England
Michael Praetorius,1571,Kreuzburg,Germany,1621,Wolfenbüttel,Germany,Germany
Johann Joachim Quantz,,,,,,,
Cidrac Rael,,,,,,,
Jean Phillipe Rameau,1683,Dijon,France,1764,Paris,France,France
Esaias Reusner,1636,Lwowek Slaski,Germany,1679,Berlin,,Germany
Jakub Reys,1540,,Poland,1605,Paris,France,Poland
Francois Richard,,,,,,,
Robert Johnson,1583,London,England,1633,London,,England
Ludovico  Roncalli,,,,,,,Italy
Roquelay,,,,,,,France
Philip Rosseter,1568,London,England,1623,London,England,England
Gioacchino Rossini,1792,Pesaro,Italy,1868,Passy,France,Italy
Giovanni Felice Sances,1660,Rome,Italy,1679,Vienna,Austria,Italy
Pierre Sandrin,1490,Saint-Marcel,France,1561,Ferrara,Italy,France
Gaspar Sanz,1640,"Calanda, Spain",Spain,1710,Madrid,,Spain
Alessandro Scarlatti,1660,Palermo,Italy,1725,Napoli,Italy,Italy
Arnolt Schlick,1460,Heidelberg,Germany,1521,Heidelberg,Germany,Germany
Hans Judenkönig,1450,Schwäbisch Gmünd,Germany,1526,Wien,Austria,Germany
Heinrich Schütz,1585,Köstritz,Germany,1672,Dresden,Germany,Germany
Ludwig Senfl,1490,Zürich,Switzerland,1543,München,Germany,Switzerland
Simon Gintzler,1490,Trient,,1547,,,Germany
Johann Siess,,,,1534,,,Germany
Alessandro Stradella,1639,Roma,Italy,1682,Genua,Italy,Italy
Barbara Strozzi,1619,Venezia,Italy,1677,Padova,Italy,Italy
Tylman Susato,1510,,Germany,1570,Stockholm,Sweden,Germany
Georg Philipp  Telemann,1681,Magdeburg,Germany,1767,Hamburg,Germany,Germany
Guillaume Tessier,1550,,,1609,,,France
Johan Thijs,,,,,,,
Lorenzino Tracetti,,,,,,,Italy
Henry Tudor,1661,Paris,France,1741,Lunéville,France,France
Joachim van den Hove,1567,Antwerpen,Belgium,1620,Den Haag,Netherlands,Netherlands
Jacob van Eyck,1590,Den Haag,Netherlands,1657,Utrecht,Netherlands,Netherlands
Philip van Wilder,1500,Wormhout,Belgium,1553,London,England,Belgium
Philippe Verdelot,1480,Rebais,France,1530,Florence,Italy,France
Ennemond Gaultier,1575,Lyon,France,1651,Villette,France,France
Jacques Vide,1395,Brugge,Belgium,1441,,,Belgium
Benedetto Vinaccesi,1670,Brescia,Italy,1719,Venezia,Italy,Italy
Robert de Visée,1652,,France,1735,Paris,France,France
Thomas Weelkes,1576,Elstedt,England,1623,London,England,England
Silvius Leopold Weiss,,,,,,,Germany
Robert White,1538,London,England,1574,London,England,England
John Whitfield,,,,,,,England
John Wilbye,1574,"Diss, Norfolk",England,1638,"Colchester, UK",England,England
Adrian Willaert,1490,Roeselare,Belgium,1562,Venezia,Italy,Belgium
John Wilson,1595,,,1674,,,England
Henry Thomas Smart,1813,London,England,1879,London,,England
Traditional French,,,,,,,
Conrad Kocher,1786,Ditzingen,Germany,1872,Stuttgart,Germany,Germany
William James Kirkpatrick,1838,Duncannon,,1921,Germantown,,
Mel Torm,,,,,,,
Traditional Welsh,,,,,,,
Thoinot Arbeau,1519,Dijon,France,1595,Langres,France,France
Traditional English,,,,,,,
James Mason Neale,,,,,,,England
Thomas Helmore,,,,,,,
Felix Mendelssohn,1809,Hamburg,Germany,1847,Leipzig,Germany,Germany
Hugh Martin and Ralph Blane,,,,,,,
Dimitri Bortniansky,,,,,,,
Jean-Baptiste Calkin,,,,,,,
Henry John Gauntlett,1805,"Wellington, UK",,1876,London,,England
Franz Gruber,1826,Unterweitzberg,Austria,1871,Salzburg,,Austria
John Henry Hopkins,1822,Pittsburgh,,1900,Hudson,,England
Giovanni Zamboni,1700,Rome,Italy,1718,Pisa,,Italy
Ruggiero Giovannelli,1560,Velletri,Italy,1625,Roma,,Italy
Paolo Quagliati,1555,Chioggia,Italy,1628,Rome,Italy,Italy
Giovanni Gabrieli,1554,Venezia,Italy,1612,Venezia,Italy,Italy
A. Melandino,,,,,,,
Hans Leo Hassler,1564,Nürnberg,Germany,1612,Frankfurt am Main,Germany,Germany
Camillo Zanotti,1545,,,1591,,,Italy
Jacobus Gallus,1550,Reifnitz,Austria,1591,Prague,,Austria
Knowles,,,,,,,
Orazio Vecchi,1550,Modena,Italy,1605,Modena,Italy,Italy
Melchior Newsidler,1531,,,1590,,,Germany
Alessandro Orologio,1550,San Giorgio della Richinvelda,Italy,1633,Vienna,Austria,Italy
Hans Newsidler,1508,Bratislava,Slovakia,1563,Nürnberg,Germany,Germany
Georg Forster,1510,,,1568,,,Germany
Adolf Blindhamer,1475,,Germany,1532,,,Germany
Giulio Abondante,1546,Venice,Italy,1587,,,Italy
Pierre Blondeau,,,,,,,France
Charles de Lespine,,,,,,,France
Pierre Attaingnant,1494,Douai,France,1551,Paris,,France
Pierre Moulu,1484,Eure-et-Loir,France,1540,,,France
Claudin de Sermisy,1490,Noyon,France,1562,Paris,,France
Giovanni,,,,,,,
Giovanni Batista Borrono,,,,,,,
Fabrizio Dentice,1539,Napoli,Italy,1581,Parma,Italy,Italy
Franz Sales,,,,,,,
Piero Strozzi,1550,,,1609,,,Italy
Hortenzio Perla,,,,,,,Italy
Cristofano Malvezzi,1547,Lucca,Italy,1599,Florence,,Italy
Giulio Giovanni,,,,,,,
Johann Sebastian Bach,1685,Eisenach,Germany,1750,Leipzig,Germany,Germany
Bernardino Balletti,,,Italy,1554,,,Italy
Melchiore de Barberiis,1545,,Italy,1550,,,Italy
William Barley,,,,,,,
Gabriel Bataille,1574,"Brie, Île-de-France",France,1630,Paris,France,France
Vincent,,,,,,,
Savorny,,,,,,,France
Jacques Salmon,1545,,France,1586,,,France
Charles Tessier,1550,London,,1604,,,France
Pierre Cerveau,,,,,,,France
Didier Le Blanc,,,,,,,France
Guillaume Chastillon de LaTour,1550,,,1610,,,France
Nicolas Chevalier,,,,,,,France
Jean Planson,1545,Paris,France,1612,,,France
Jean de Castro,1540,Liege,Belgium,1600,Köln,Germany,Belgium
Pierre Bonnet,,,,,,,France
Jacques Champion de Chambonnières,1602,,,1672,Paris,France,France
Sauvage,,,,,,,
Joachim-Thibault de Courville,1530,Paris,France,1581,Paris,,France
Henri de Bailly,,,,1637,,,France
Jacques Salmon or Pierre Bonnet,,,,,,,France
Jacques Le Fevre,,,,,,,France
Paul Auget,1592,Pontoise,France,1660,Paris,France,France
Grand-Rue,,,,,,,
François le Fégueux,,,,,,,France
Coffin,,,,,,,
Jean-Baptiste Besard,1567,Besançon,France,1617,Augsburg,Germany,France
Vincenzo Pinti,,,,,,,Italy
Diomedes Cato,1570,,,1607,,,Italy
Jacques Edinthon,,,,,,,
Giovanni Maffon,,,,,,,Italy
Albert Dlugorai,,,,,,,Poland
Matthäus Waissel,1537,Bartoszyce,Poland,1602,Kaliningrad,Russia,Germany
Luca Marenzio,1553,Coccaglio,Italy,1599,Roma,Italy,Italy
Pomponio da Bologna,,,,,,,Italy
Jean Perrichon,,,,,,,France
Victor de Montbuisson,,,,,,,France
Guillaume de Vaumesnil,1525,,,1611,,,France
Dominico Bianchini,1510,,,1576,,,Italy
Francescho Bianchini,,,,,,,Italy
Thomas Campion,1567,London,England,1620,London,England,England
Marco dall'Aquila,1480,L'Aquila,Italy,1538,,,Italy
Ludwig Iselin,,,,,,,
Bonifacius Amerbach,1495,Basel,Switzerland,1562,Basel,,Switzerland
Julius Bischoff,,,,,,,
Richard Green,,,,,,,England
Heinrich Isaac,1450,Brabant,Netherlands,1517,Firenze,Italy,Netherlands
Petrus Fabricius,1587,,,1651,,,Germany
Matthias Greiter,1495,Aichach,Germany,1550,Strassbourg,,Germany
Martin Luther,1483,Eisleben,Germany,1546,Eisleben,Germany,Germany
Elizabeth Cruciger,,,,,,,
Domenico Bianchini,,,,,,,Italy
Tobias Stemis,,,,,,,
William Corkine,1610,,England,1612,,,England
Nani di Milan,,,,,,,
Vincenzo Bernia,,Bologna,Italy,1617,,,Italy
René Saman,,,,,,,France
Jacques Gaultier,1595,,France,1637,London,England,France
John Sturt,,,,,,,England
Oswald von Wolkenstein,1377,Tyrol,Austria,1445,Merano,,Italy
Georg de Putenheim,,,,,,,
Juden zu Maintz,,,,,,,
Ulrich Zwingli,1484,Wildhaus,,1531,Cappel,,
Ippolito Tromboncino,,,,,,,
Giovanni Battista Domenico,,,,,,,Italy
Antonio Scandello,1517,Bergamo,Italy,1580,Dresden,Germany,Italy
Johan Pistre,,,,,,,
Johannes Rude,1555,,,1615,,,Germany
Valentin Strobel,1575,,,1640,,,Germany
Antoine Francisque,1575,St Quentin,France,1605,Paris,,France
Paolo d'Aragona,,,,1616,,,
Robert Ballard?,,,,,,,France
Tuenhuisen,,,,,,,
Giovanni Kapsberger,1580,Venice,Italy,1651,Rome,,Italy
Pietro Paolo Melli,1579,Reggio Emilia,Italy,1623,Reggio Emilia,,Italy
Raphael de Viola,,,,,,,
Benedictus Thiselius,,,,,,,
Joachim Heller,1518,,,1590,,,Germany
Johan Groi,,,,,,,
Jacob Lossius,,,,,,,England
Heinrich Steucius,,,,,,,
Valentin Haussmann,1560,Gerbstedt,Germany,1612,Gerbstedt,,Germany
Valerius Otto,1579,Leipzig,Germany,1612,,,Germany
Fascius,,,,,,,
Matthäus Reimann,,,,,,,
Johann Klipstein,,,,,,,
Ferber,,,,,,,
Spacig,,,,,,,
Johann Hermann Schein,,,,,,,
John Jenkins,1592,Maidstone,,1678,"Kimberley, UK",,
M. Tuartnes,,,,,,,
Jean Boyer,,,,,,,
Jean Mercure,,,,,,,
Horatio Scandelli,,,,,,,
Elizabeth von Hessen,,,,,,,
Jacob Schultes,,,,,,,
Giovanni Giacomo Gastoldi,,,,,,,
Giovanni Briccio,,,,,,,
Jacob Handl,,,,,,,
Joachim Decker,,,,,,,
Nicolaus Selneccer,,,,,,,
Hans D. von Mentz,,,,,,,
Le Hugier,,,,,,,
Johann Herwart,,,,,,,
Francesco Corteccia,1502,Arezzo,Italy,1571,Florence,,Italy
Antonio Rotta,,,,,,,Italy
Thomas Stoltzer,1480,Swidnica,Germany,1526,Znojmo,,Germany
Johann Walter,1496,Kahla,,1570,Torgau,,
Paul Hofhaimer,1459,Radstadt,Austria,1537,Salzburg,,Austria
Bernardo N.,,,,,,,
Johann Götz,,,,,,,
Johann Brengger,,,,,,,
C. Toldius,,,,,,,
Francesco di Parise,,,,,,,
Florentio Maschara,,,,,,,
Giovanni Ferretti,1540,Venice,Italy,1609,Rome,,Italy
Hofstetter,,,,,,,
Hieronymus Faber,,,,,,,
Sertus Kergel,,,,,,,Russia
Conrad Newsidler,1541,,,1604,,,Germany
Hieronymo Vicentino,,,,,,,
David Berglin,,,,,,,
Giovanni Pietro,,,,,,,Italy
Johannes Arpinus,1525,Naples,Italy,1602,Naples,,Italy
John Danyel,1564,Wellow,,1626,,,England
Esteban Daza,1537,Valladolid,Spain,1596,Valladolid,,Spain
Petrus Lauremberg,,,,,,,
Gregor Krengel,1550,,,1594,,,Germany
Richard Martin,1570,,England,1618,,,England
Dominico Maria Melli,,,,,,,Italy
Moritz von Hessen,1572,Kassel,Germany,1632,Eschwege,Germany,Germany
Robert Dowland,1591,,,1641,,,England
Mathias Mason,,,,,,,England
Benedikt de Drusina,1520,Drauensee,Poland,1573,,,Germany
Orazio de Michi,1595,,,1641,,,Italy
Johan Lupus,,,,,,,Italy
Jacques Buus,1500,Gent,Belgium,1565,Vienna,Austria,Belgium
Jacques Arcadelt,1505,Liège,Belgium,1568,Paris,France,Belgium
Miguel de Fuenllana,1500,Madrid,Spain,1579,Valladolid,Spain,Spain
Michelagnolo Galilei,1575,Florence,Italy,1631,Munich,Germany,Italy
Tobias K?n,,,,,,,
Antonio del Pergamasco,,,,,,,
Georg Schew,,,,,,,
Georg Wesper,,,,,,,Germany
Alessandro Romano,1533,Rome,Italy,1592,,,Italy
Vincenzo Ruffo,1508,Verona,Italy,1587,Sacile,Italy,Italy
Domenico Ferrabosco,1513,,,1574,,,Italy
Giovanni del Cartolaio,,,,,,,
Vincenzo Ferro,,,,,,,Italy
Giovanni Nasco,1510,Nivelles,Belgium,1561,Treviso,Italy,Belgium
Ippolito Ciera,,,,,,,Italy
Angelo Gardano,1540,,,1611,,,Italy
Richard Edwards,1523,"Somerset, UK",England,1566,London,England,England
Richard Farrant,1525,,England,1580,London,England,England
Nicholas Strogers,1560,London,England,1575,,,England
James Harding,1550,,,1626,Isleworth,England,England
Jacques de Belleville,1575,Paris,France,1640,Paris,,France
Edward Herbert,1583,,,1648,,,England
du Gast,,,,,,,
Pietreson,,,,,,,
Eustache du Caurroy,1549,,France,1609,,France,France
Lushier,,,,,,,England
Heart,,,,,,,
Henri de l'Enclos,1592,Touraine,France,1649,,France,France
Cuthbert Hely,,,,,,,England
William Hollis,,,,,,,
Edward Collard,1595,,England,1599,,,England
Thomas Smyth,,,,,,,
Thomas Vautor,1600,,,1622,,,England
Matthew Holmes,,,,,,,
Francisco,,,,,,,
Lodovico Bassano,1558,,Italy,1593,London,England,Italy
John Taverner,1490,"Boston, UK",England,1545,"Boston, UK",England,England
John Bull,1562,Old Radnor,England,1628,Antwerpen,Belgium,England
Derick Gerarde,1540,,,1580,,,
Valentine Sawyer,,,,,,,
Renaldo Paradiso,,,,,,,
Edward Pierce,,,,,,,
Edward Blankes,1550,,,1633,,,England
Johannes Lupi,1506,Kamerijke,Belgium,1539,Cambrai,,Belgium
Augustine Bassano,1530,Venice,Italy,1604,London,England,Italy
Robert Southwell,1561,Norwich,,1595,Tyburn,,
Robert Parsons,1596,Colyton,England,1676,"Exeter, UK",England,England
William Bradbury,,,,,,,
Richard Reade,,,,,,,England
Ellis Lawrey,,,,,,,
Richard Nicholson,1595,"Durham, UK",England,1639,Oxford,,England
Walter Porter,1587,,,1659,,,England
Henry Porter,,,,,,,
Daniel Farrant,1607,,,1661,,,England
Jeremy Chamberlayne,,,,,,,
Thomas Tallis,1505,Leicestershire,England,1585,Greenwich,England,England
Jo. Singer,,,,,,,
Joseph Shirley,,,,,,,
Andrew Marks,,,,,,,
Henry Lichfield,,,,,,,
Thistlethwaite,,,,,,,
Charles Jackson,,,,,,,
John Lawrence,,,,,,,England
Germain Pinel,,Paris,France,1661,Paris,,France
Ambrose Lupo,,,,1591,,,Italy
Edward Pearce,1560,,,1613,,,England
Mark Antony,,,,,,,
Robert Taylor,,,,,,,
Jenning,,,,,,,
William Hewes,,,,,,,
Luis de Narváez,1500,Granada,Spain,1550,,,Spain
Franciscus von Maylandt,,,,,,,
Bernardo Gianoncelli,,,,,,,Italy
Baldassere Donato,1530,Venezia,Italy,1603,,,Italy
Jacob Heringman,,,,,,,
Pietro Raimondo,,,,,,,Italy
Julito Tartaglino,,,,,,,
Cosimo Bottegari,1554,Florence,Italy,1620,Florence,Italy,Italy
Andrea Falconieri,1585,Napoli,Italy,1656,Napoli,Italy,Italy
Arcangelo Lori,,,,1679,,,Italy
Giuseppe Baglioni,,,,,,,
Clement Cotton,,,,,,,
Newman,1550,,England,1575,,,England
Weston,,,,,,,
Fernyers,,,,,,,
Marck Antoine,,,,,,,
Bernhard Jobin,,,,,,,France
Adrian Le Roy,1520,Montreuil-sur-Mer,France,1599,Paris,France,France
Luis Milan,1500,"Valencia, Spain",Spain,1561,"Valencia, Spain",Spain,Spain
Alonso Mudarra,1510,Palencia,Spain,1580,Sevilla,Spain,Spain
Cesare Negri,1535,Milano,Italy,1604,Milano,Italy,Italy
Nicolas Craen,,,,,,,
Loyset Compère,1445,,,1518,Saint-Quentin,France,France
Johannes Stokhem,,,,,,,
Antoine Brumel,1460,Brunelles,France,1515,Mantua,France,France
Johannes Ghiselin,1491,,,1507,Bergen op Zoom,Netherlands,Netherlands
Alexander Agricola,1446,,Belgium,1506,Valladolid,Spain,Belgium
Andreas de Silva,1475,Mantua,Spain,1530,,,Spain
Antoine de Févin,1470,,,1511,Blois,France,France
Jacob Obrecht or Pierre de la Rue,1460,Tournai,Belgium,1518,Kortrijk,Belgium,Belgium
Gianantonio Severino,,,,,,,
Pineta,,,,,,,
Giulio Severino,,,,1601,,,Italy
Rogier Pathie,1510,Cambrai,Belgium,1565,Valladolid,Spain,Belgium
Andrea Feliciani,,,,1596,,,Italy
Aluigi Vindella,,,,,,,
Amadeo Moretti,,,,,,,
Sebastian Ochsenkuhn,1521,,,1574,,,Germany
Jean Paul Paladin,,,,,,,
Jacques Clément,,,,,,,
Damien Havericq,,,,,,,Netherlands
Ninot Le Petit,1460,,France,1502,,,France
Pierre de la Rue,1452,Tournai,Belgium,1518,Kortrijk,,Belgium
Jheronimus Vinders,1525,,Belgium,1526,,,Belgium
Jean Richafort,1480,Ricartsvoorde,Belgium,1547,Brugge,,Belgium
Giovanni Pierluigi da Palestrina,1525,,Italy,1594,Roma,Italy,Italy
Luys Maym?n,,,,,,,
Francesco de Aguyles,,,Spain,1590,,,Spain
Baldassare Donato,1529,,Italy,1603,Venice,,Italy
Noé Faignient,,,,,,,
Jacques Colebault,,,,,,,
Francesco Cardone,,,,,,,
Francesco Cera,,,,,,,
Philippe de Monte,1521,Mechelen,Belgium,1603,Praha,Czech Republic,Belgium
Fedo Reno,,,,,,,
Teodoro,,,,,,,
Giuseppe Giovanni,,,,,,,
Juan Farnese,,,,,,,
Maille,,,,,,,France
Senior Terzi,,,,,,,
Francesco Guami,1544,Lucca,Italy,1602,Lucca,,Italy
Paolo Tusti,,,,,,,
Vincenzo Bellaver,1530,,Italy,1587,,,Italy
Vincenzo Capirola,1474,Brescia,Italy,1548,Brescia,Italy,Italy
Donino Garsi,,,,,,,
Francesco Vindella,,,,,,,
